Region,Club,Course,Tee,Par,Yardage (yds),Source
Hampshire,Hockley Golf Club,Hockley,White,71 (men),6420,https://www.hockleygolfclub.com/the_holes
Hampshire,Hockley Golf Club,Hockley,Yellow,71 (men),6067,https://www.hockleygolfclub.com/the_holes
Hampshire,Hockley Golf Club,Hockley,Red,72 (women),5677,https://www.hockleygolfclub.com/the_holes
Hampshire,Corhampton Golf Club,Corhampton,White,,6398,https://www.1golf.eu/en/club/corhampton-golf-club/
Hampshire,Corhampton Golf Club,Corhampton,Yellow,,6088,https://www.1golf.eu/en/club/corhampton-golf-club/
Hampshire,Corhampton Golf Club,Corhampton,Red,,5800,https://www.1golf.eu/en/club/corhampton-golf-club/
Hampshire,Corhampton Golf Club,Corhampton,(note),,,https://www.corhamptongc.co.uk/scorecard (gender-neutral tees: orange/blue/purple)
Hampshire,Royal Winchester Golf Club,Royal Winchester,Blue (m),,6479,https://www.hole19golf.com/courses/south-winchester-golf-club
Hampshire,Royal Winchester Golf Club,Royal Winchester,Overall length (site),72,6407,https://www.golfnow.com/tee-times/facility/18481-royal-winchester-golf-club/search
Hampshire,Basingstoke Golf Club,Basingstoke,68 (back),71,6842,https://www.basingstokegolfclub.co.uk/uploads/basingstoke/File/Scorecard%20and%20WHS/Mens%20Scorecard%20August%202024.pdf
Hampshire,Basingstoke Golf Club,Basingstoke,63,72,6384,https://www.basingstokegolfclub.co.uk/uploads/basingstoke/File/Scorecard%20and%20WHS/Mens%20Scorecard%20August%202024.pdf
Hampshire,Basingstoke Golf Club,Basingstoke,60,72,6087,https://www.basingstokegolfclub.co.uk/uploads/basingstoke/File/Scorecard%20and%20WHS/Mens%20Scorecard%20August%202024.pdf
Hampshire,Basingstoke Golf Club,Basingstoke,55,72,5540,https://www.basingstokegolfclub.co.uk/uploads/basingstoke/File/Scorecard%20and%20WHS/Mens%20Scorecard%20August%202024.pdf
Hampshire,Army Golf Club,Army (Aldershot),Purple,71,6631,https://www.armygolfclub.com/images/sites/army/pages/203/940x0/1/2024_05_08_12_37_38.png
Hampshire,Army Golf Club,Army (Aldershot),White,71,6518,https://www.armygolfclub.com/images/sites/army/pages/203/940x0/1/2024_05_08_12_37_38.png
Hampshire,Army Golf Club,Army (Aldershot),Yellow,71,6319,https://www.armygolfclub.com/images/sites/army/pages/203/940x0/1/2024_05_08_12_37_38.png
Hampshire,Army Golf Club,Army (Aldershot),Red,69 (men) / 73 (women),5709,https://www.armygolfclub.com/images/sites/army/pages/203/940x0/1/2024_05_08_12_37_38.png
Hampshire,Petersfield Golf Club,Petersfield,White,72,6308,https://www.petersfieldgolfclub.co.uk/scorecard24
Hampshire,Petersfield Golf Club,Petersfield,Blue,,6004,https://www.petersfieldgolfclub.co.uk/scorecard24
Hampshire,Petersfield Golf Club,Petersfield,Yellow,71,5763,https://www.petersfieldgolfclub.co.uk/scorecard24
Hampshire,Petersfield Golf Club,Petersfield,Red,72,5394,https://www.petersfieldgolfclub.co.uk/scorecard24
Hampshire,Bramshaw Golf Club,Manor,White,71,6493,https://www.golfify.io/courses/bramshaw-golf-club-manor
Hampshire,Bramshaw Golf Club,Manor,Yellow,69.5 CR (par 72),6135,https://www.golfify.io/courses/bramshaw-golf-club-manor
Hampshire,Bramshaw Golf Club,Manor,Red,74 (women),5660,https://www.golfify.io/courses/bramshaw-golf-club-manor
Hampshire,Bramshaw Golf Club,Forest,White,69,5594,https://www.golfify.io/courses/bramshaw-golf-club-forest
Hampshire,Bramshaw Golf Club,Forest,Yellow,66.7 CR (par 69),5552,https://www.golfify.io/courses/bramshaw-golf-club-forest
Hampshire,Bramshaw Golf Club,Forest,Red,70 (women),5232,https://www.golfify.io/courses/bramshaw-golf-club-forest
Hampshire,Old Thorns,Old Thorns,White,71,6471,https://www.golfify.io/courses/old-thorns-golf-club
Hampshire,Old Thorns,Old Thorns,Yellow,69,6036,https://www.golfify.io/courses/old-thorns-golf-club
Hampshire,Old Thorns,Old Thorns,Red,72 (women),5296,https://www.golfify.io/courses/old-thorns-golf-club
Hampshire,Sherfield Oaks Golf Club,Wellington,White,72,6412,https://www.golfify.io/courses/sherfield-oaks-golf-club-wellington
Hampshire,Sherfield Oaks Golf Club,Wellington,Yellow,72,6127,https://www.golfify.io/courses/sherfield-oaks-golf-club-wellington
Hampshire,Sherfield Oaks Golf Club,Wellington,Red (Ladies),69,5481,https://www.golfify.io/courses/sherfield-oaks-golf-club-wellington
Hampshire,East Horton Golf Club,Parkland,White,69,5672,https://www.golfify.io/courses/east-horton-golf-club-parkland
Hampshire,East Horton Golf Club,Parkland,Yellow,69,5482,https://www.golfify.io/courses/east-horton-golf-club-parkland
Hampshire,East Horton Golf Club,Parkland,Red (Ladies),70.5 CR (par 71),5137,https://www.golfify.io/courses/east-horton-golf-club-parkland
Hampshire,Meon Valley Hotel & Country Club,Meon Course,White,71,6492,https://www.britanniahotels.com/cms/britannia/pdfs/meon_valley_course_card.pdf
Hampshire,Meon Valley Hotel & Country Club,Meon Course,Yellow,71,6073,https://www.britanniahotels.com/cms/britannia/pdfs/meon_valley_course_card.pdf
Hampshire,Meon Valley Hotel & Country Club,Meon Course,Red,73 (women),5620,https://www.britanniahotels.com/cms/britannia/pdfs/meon_valley_course_card.pdf
Hampshire,Lee-on-the-Solent Golf Club,Lee-on-the-Solent,White,69,5962,https://www.leegolf.co.uk/analysis.php?compid=1211
Hampshire,Lee-on-the-Solent Golf Club,Lee-on-the-Solent,Red (Ladies),71,5495,https://www.leegolf.co.uk/analysis.php?compid=285
Hampshire,Weybrook Park Golf Club,Weybrook Park,White,71,6584,https://supremegolf.com/explore/united-kingdom/england/unknown/weybrook-park-golf-club-united-kingdom
Hampshire,Tylney Park Golf Club,Rotherwick,Yellow,72,6310,https://golfsherpa.co.uk/courses/england/tylney-park-golf-club
Hampshire,Tylney Park Golf Club,Rotherwick,Green,72,5860,https://golfsherpa.co.uk/courses/england/tylney-park-golf-club
Hampshire,Test Valley Golf Club,Test Valley,White,71,6682,https://golftraxx.com/scorecard?course_name=Test%20Valley%20Golf%20Club&static=true&zipcode=RG25%203DS
Hampshire,Test Valley Golf Club,Test Valley,Yellow,71,6105,https://golftraxx.com/scorecard?course_name=Test%20Valley%20Golf%20Club&static=true&zipcode=RG25%203DS
Hampshire,Test Valley Golf Club,Test Valley,Red (Ladies),72,5580,https://golftraxx.com/scorecard?course_name=Test%20Valley%20Golf%20Club&static=true&zipcode=RG25%203DS
Hampshire,Test Valley Golf Club,Test Valley,Blue,71,5145,https://www.golfpass.com/travel-advisor/courses/34242-test-valley-golf-club
Hampshire,Hartley Wintney Golf Club,Hartley Wintney,White,71,6277,https://www.golfnow.com/courses/-3980-hartley-wintney-golf-club-details
Hampshire,Hartley Wintney Golf Club,Hartley Wintney,Yellow,71,5950,https://www.golfnow.com/courses/-3980-hartley-wintney-golf-club-details
Hampshire,Hartley Wintney Golf Club,Hartley Wintney,Red (Women),73 (women),5657,https://www.golfnow.com/courses/-3980-hartley-wintney-golf-club-details
